{
    "accuracy": 0.7963094393186657,
    "precision": 0.6474576271186441,
    "recall": 0.5106951871657754,
    "f1_score": 0.5710014947683109,
    "roc_auc": 0.8445619881681262,
    "confusion_matrix": [
        [
            931,
            104
        ],
        [
            183,
            191
        ]
    ],
    "classification_report": {
        "0": {
            "precision": 0.8357271095152603,
            "recall": 0.8995169082125604,
            "f1-score": 0.8664495114006515,
            "support": 1035.0
        },
        "1": {
            "precision": 0.6474576271186441,
            "recall": 0.5106951871657754,
            "f1-score": 0.5710014947683109,
            "support": 374.0
        },
        "accuracy": 0.7963094393186657,
        "macro avg": {
            "precision": 0.7415923683169522,
            "recall": 0.705106047689168,
            "f1-score": 0.7187255030844812,
            "support": 1409.0
        },
        "weighted avg": {
            "precision": 0.7857535208592387,
            "recall": 0.7963094393186657,
            "f1-score": 0.7880268299098812,
            "support": 1409.0
        }
    }
}